<?xml version="1.0" ?>

<patch xmlns="urn:jboss:patch:1.2" id="sso-766-rhsso-2821">
    <description>
        Security patch RHSSO-2821
    </description>
    <no-upgrade name="Red Hat Single Sign-On" version="7.6.6.GA"/>
    <element id="rhsso2821-keycloak">
        <description>
            no description available
        </description>
        <no-upgrade name="keycloak"/>
        <modules>
            <updated name="org.keycloak.keycloak-wildfly-server-subsystem" hash="73a9e43cacdb68cf3f3aefccc33f1572e02a086f" new-hash="5dc5cc223985d6d65f52d5c6d65fe14712e8d2cd"/>
        </modules>
    </element>
    <element id="rhsso2821">
        <description>
            no description available
        </description>
        <no-upgrade name="base"/>
    </element>
    <misc-files>
        <added path="docs/schema/wildfly-keycloak-server_1_2.xsd" hash="a8d32cf4ebe50b6fd9bcdba733fed0dc89979118"/>
    </misc-files>
</patch>